delete from public.feed_posts
where tournament_id = '00000000-0000-4000-8000-000000000001';

delete from public.scorer_codes
where tournament_id = '00000000-0000-4000-8000-000000000001';

delete from public.games
where tournament_id = '00000000-0000-4000-8000-000000000001';

delete from public.players
where tournament_id = '00000000-0000-4000-8000-000000000001';

delete from public.teams
where tournament_id = '00000000-0000-4000-8000-000000000001';

delete from public.tournaments
where id = '00000000-0000-4000-8000-000000000001';

insert into public.tournaments (id, name, location, start_date, end_date, created_at)
values (
  '00000000-0000-4000-8000-000000000001',
  'US Nationals Adult Championship',
  'Blackhawks Ice Center',
  '2026-06-19',
  '2026-06-21',
  '2026-06-18T12:00:00Z'
);

insert into public.teams (id, tournament_id, name, short_name, city, logo_url, pool)
values
  ('00000000-0000-4000-8000-000000000101', '00000000-0000-4000-8000-000000000001', 'Austin FBC', 'Austin', null, null, 'Group A'),
  ('00000000-0000-4000-8000-000000000102', '00000000-0000-4000-8000-000000000001', 'Chi Mad Dogs', 'Mad Dogs', null, null, 'Group A'),
  ('00000000-0000-4000-8000-000000000103', '00000000-0000-4000-8000-000000000001', 'Mountain West', 'Mountain', null, null, 'Group A'),
  ('00000000-0000-4000-8000-000000000104', '00000000-0000-4000-8000-000000000001', 'Tomah', 'Tomah', null, null, 'Group A'),
  ('00000000-0000-4000-8000-000000000105', '00000000-0000-4000-8000-000000000001', 'Chi Hound Dogs', 'Hounds', null, null, 'Group A'),
  ('00000000-0000-4000-8000-000000000106', '00000000-0000-4000-8000-000000000001', 'Chi Dogs', 'Dogs', null, null, 'Group B'),
  ('00000000-0000-4000-8000-000000000107', '00000000-0000-4000-8000-000000000001', 'N2FA', 'N2FA', null, null, 'Group B'),
  ('00000000-0000-4000-8000-000000000108', '00000000-0000-4000-8000-000000000001', 'Minnesota FBC', 'MIN FBC', null, null, 'Group B'),
  ('00000000-0000-4000-8000-000000000109', '00000000-0000-4000-8000-000000000001', 'Triangle FBC', 'Triangle', null, null, 'Group B'),
  ('00000000-0000-4000-8000-000000000110', '00000000-0000-4000-8000-000000000001', 'USA MU19', 'MU19', null, null, 'Group C'),
  ('00000000-0000-4000-8000-000000000111', '00000000-0000-4000-8000-000000000001', 'Richmond FBC', 'Richmond', null, null, 'Group C'),
  ('00000000-0000-4000-8000-000000000112', '00000000-0000-4000-8000-000000000001', 'Stars', 'Stars', null, null, 'Group C'),
  ('00000000-0000-4000-8000-000000000113', '00000000-0000-4000-8000-000000000001', 'R. River Dogs', 'R. River', null, null, 'Group C');

insert into public.games (
  id,
  tournament_id,
  home_team_id,
  away_team_id,
  court,
  scheduled_start,
  phase,
  title,
  home_source_type,
  home_source_value,
  away_source_type,
  away_source_value,
  status,
  home_score,
  away_score
)
values
  ('00000000-0000-4000-8000-000000000301', '00000000-0000-4000-8000-000000000001', '00000000-0000-4000-8000-000000000101', '00000000-0000-4000-8000-000000000102', 'Rink', '2026-06-19T12:00:00Z', 'pool', 'Pool Play', 'team', '00000000-0000-4000-8000-000000000101', 'team', '00000000-0000-4000-8000-000000000102', 'scheduled', 0, 0),
  ('00000000-0000-4000-8000-000000000302', '00000000-0000-4000-8000-000000000001', '00000000-0000-4000-8000-000000000103', '00000000-0000-4000-8000-000000000104', 'Rink', '2026-06-19T12:40:00Z', 'pool', 'Pool Play', 'team', '00000000-0000-4000-8000-000000000103', 'team', '00000000-0000-4000-8000-000000000104', 'scheduled', 0, 0),
  ('00000000-0000-4000-8000-000000000303', '00000000-0000-4000-8000-000000000001', '00000000-0000-4000-8000-000000000108', '00000000-0000-4000-8000-000000000106', 'Rink', '2026-06-19T13:20:00Z', 'pool', 'Pool Play', 'team', '00000000-0000-4000-8000-000000000108', 'team', '00000000-0000-4000-8000-000000000106', 'scheduled', 0, 0),
  ('00000000-0000-4000-8000-000000000304', '00000000-0000-4000-8000-000000000001', '00000000-0000-4000-8000-000000000104', '00000000-0000-4000-8000-000000000105', 'Rink', '2026-06-19T14:00:00Z', 'pool', 'Pool Play', 'team', '00000000-0000-4000-8000-000000000104', 'team', '00000000-0000-4000-8000-000000000105', 'scheduled', 0, 0),
  ('00000000-0000-4000-8000-000000000305', '00000000-0000-4000-8000-000000000001', '00000000-0000-4000-8000-000000000109', '00000000-0000-4000-8000-000000000107', 'Rink', '2026-06-19T14:40:00Z', 'pool', 'Pool Play', 'team', '00000000-0000-4000-8000-000000000109', 'team', '00000000-0000-4000-8000-000000000107', 'scheduled', 0, 0),
  ('00000000-0000-4000-8000-000000000306', '00000000-0000-4000-8000-000000000001', '00000000-0000-4000-8000-000000000110', '00000000-0000-4000-8000-000000000111', 'Rink', '2026-06-19T15:20:00Z', 'pool', 'Pool Play', 'team', '00000000-0000-4000-8000-000000000110', 'team', '00000000-0000-4000-8000-000000000111', 'scheduled', 0, 0),
  ('00000000-0000-4000-8000-000000000307', '00000000-0000-4000-8000-000000000001', '00000000-0000-4000-8000-000000000112', '00000000-0000-4000-8000-000000000113', 'Rink', '2026-06-19T16:00:00Z', 'pool', 'Pool Play', 'team', '00000000-0000-4000-8000-000000000112', 'team', '00000000-0000-4000-8000-000000000113', 'scheduled', 0, 0),
  ('00000000-0000-4000-8000-000000000308', '00000000-0000-4000-8000-000000000001', '00000000-0000-4000-8000-000000000104', '00000000-0000-4000-8000-000000000102', 'Rink', '2026-06-19T16:40:00Z', 'pool', 'Pool Play', 'team', '00000000-0000-4000-8000-000000000104', 'team', '00000000-0000-4000-8000-000000000102', 'scheduled', 0, 0),
  ('00000000-0000-4000-8000-000000000309', '00000000-0000-4000-8000-000000000001', '00000000-0000-4000-8000-000000000105', '00000000-0000-4000-8000-000000000103', 'Rink', '2026-06-19T17:20:00Z', 'pool', 'Pool Play', 'team', '00000000-0000-4000-8000-000000000105', 'team', '00000000-0000-4000-8000-000000000103', 'scheduled', 0, 0),
  ('00000000-0000-4000-8000-000000000310', '00000000-0000-4000-8000-000000000001', '00000000-0000-4000-8000-000000000107', '00000000-0000-4000-8000-000000000108', 'Rink', '2026-06-19T18:00:00Z', 'pool', 'Pool Play', 'team', '00000000-0000-4000-8000-000000000107', 'team', '00000000-0000-4000-8000-000000000108', 'scheduled', 0, 0),
  ('00000000-0000-4000-8000-000000000311', '00000000-0000-4000-8000-000000000001', '00000000-0000-4000-8000-000000000105', '00000000-0000-4000-8000-000000000101', 'Rink', '2026-06-19T18:40:00Z', 'pool', 'Pool Play', 'team', '00000000-0000-4000-8000-000000000105', 'team', '00000000-0000-4000-8000-000000000101', 'scheduled', 0, 0),
  ('00000000-0000-4000-8000-000000000312', '00000000-0000-4000-8000-000000000001', '00000000-0000-4000-8000-000000000106', '00000000-0000-4000-8000-000000000109', 'Rink', '2026-06-19T19:20:00Z', 'pool', 'Pool Play', 'team', '00000000-0000-4000-8000-000000000106', 'team', '00000000-0000-4000-8000-000000000109', 'scheduled', 0, 0),
  ('00000000-0000-4000-8000-000000000313', '00000000-0000-4000-8000-000000000001', '00000000-0000-4000-8000-000000000113', '00000000-0000-4000-8000-000000000110', 'Rink', '2026-06-19T20:00:00Z', 'pool', 'Pool Play', 'team', '00000000-0000-4000-8000-000000000113', 'team', '00000000-0000-4000-8000-000000000110', 'scheduled', 0, 0),
  ('00000000-0000-4000-8000-000000000314', '00000000-0000-4000-8000-000000000001', '00000000-0000-4000-8000-000000000111', '00000000-0000-4000-8000-000000000112', 'Rink', '2026-06-19T20:40:00Z', 'pool', 'Pool Play', 'team', '00000000-0000-4000-8000-000000000111', 'team', '00000000-0000-4000-8000-000000000112', 'scheduled', 0, 0),
  ('00000000-0000-4000-8000-000000000315', '00000000-0000-4000-8000-000000000001', '00000000-0000-4000-8000-000000000102', '00000000-0000-4000-8000-000000000105', 'Rink', '2026-06-19T21:20:00Z', 'pool', 'Pool Play', 'team', '00000000-0000-4000-8000-000000000102', 'team', '00000000-0000-4000-8000-000000000105', 'scheduled', 0, 0),
  ('00000000-0000-4000-8000-000000000316', '00000000-0000-4000-8000-000000000001', '00000000-0000-4000-8000-000000000103', '00000000-0000-4000-8000-000000000101', 'Rink', '2026-06-19T22:00:00Z', 'pool', 'Pool Play', 'team', '00000000-0000-4000-8000-000000000103', 'team', '00000000-0000-4000-8000-000000000101', 'scheduled', 0, 0),
  ('00000000-0000-4000-8000-000000000317', '00000000-0000-4000-8000-000000000001', '00000000-0000-4000-8000-000000000106', '00000000-0000-4000-8000-000000000107', 'Rink', '2026-06-20T12:20:00Z', 'pool', 'Pool Play', 'team', '00000000-0000-4000-8000-000000000106', 'team', '00000000-0000-4000-8000-000000000107', 'scheduled', 0, 0),
  ('00000000-0000-4000-8000-000000000318', '00000000-0000-4000-8000-000000000001', '00000000-0000-4000-8000-000000000108', '00000000-0000-4000-8000-000000000109', 'Rink', '2026-06-20T13:00:00Z', 'pool', 'Pool Play', 'team', '00000000-0000-4000-8000-000000000108', 'team', '00000000-0000-4000-8000-000000000109', 'scheduled', 0, 0),
  ('00000000-0000-4000-8000-000000000319', '00000000-0000-4000-8000-000000000001', '00000000-0000-4000-8000-000000000111', '00000000-0000-4000-8000-000000000113', 'Rink', '2026-06-20T13:40:00Z', 'pool', 'Pool Play', 'team', '00000000-0000-4000-8000-000000000111', 'team', '00000000-0000-4000-8000-000000000113', 'scheduled', 0, 0),
  ('00000000-0000-4000-8000-000000000320', '00000000-0000-4000-8000-000000000001', '00000000-0000-4000-8000-000000000110', '00000000-0000-4000-8000-000000000112', 'Rink', '2026-06-20T14:20:00Z', 'pool', 'Pool Play', 'team', '00000000-0000-4000-8000-000000000110', 'team', '00000000-0000-4000-8000-000000000112', 'scheduled', 0, 0),
  ('00000000-0000-4000-8000-000000000321', '00000000-0000-4000-8000-000000000001', '00000000-0000-4000-8000-000000000101', '00000000-0000-4000-8000-000000000104', 'Rink', '2026-06-20T15:00:00Z', 'pool', 'Pool Play', 'team', '00000000-0000-4000-8000-000000000101', 'team', '00000000-0000-4000-8000-000000000104', 'scheduled', 0, 0),
  ('00000000-0000-4000-8000-000000000322', '00000000-0000-4000-8000-000000000001', '00000000-0000-4000-8000-000000000102', '00000000-0000-4000-8000-000000000103', 'Rink', '2026-06-20T15:40:00Z', 'pool', 'Pool Play', 'team', '00000000-0000-4000-8000-000000000102', 'team', '00000000-0000-4000-8000-000000000103', 'scheduled', 0, 0),
  ('00000000-0000-4000-8000-000000000323', '00000000-0000-4000-8000-000000000001', null, null, 'Rink', '2026-06-20T16:20:00Z', 'playoff', 'Playoff Game', 'tbd', null, 'tbd', null, 'scheduled', 0, 0),
  ('00000000-0000-4000-8000-000000000324', '00000000-0000-4000-8000-000000000001', null, null, 'Rink', '2026-06-20T17:00:00Z', 'playoff', 'Playoff Game', 'tbd', null, 'tbd', null, 'scheduled', 0, 0),
  ('00000000-0000-4000-8000-000000000325', '00000000-0000-4000-8000-000000000001', null, null, 'Rink', '2026-06-20T17:40:00Z', 'playoff', 'Playoff Game', 'tbd', null, 'tbd', null, 'scheduled', 0, 0),
  ('00000000-0000-4000-8000-000000000326', '00000000-0000-4000-8000-000000000001', null, null, 'Rink', '2026-06-20T18:20:00Z', 'playoff', 'Playoff Game', 'tbd', null, 'tbd', null, 'scheduled', 0, 0),
  ('00000000-0000-4000-8000-000000000327', '00000000-0000-4000-8000-000000000001', null, null, 'Rink', '2026-06-20T19:00:00Z', 'playoff', 'Playoff Game', 'tbd', null, 'tbd', null, 'scheduled', 0, 0),
  ('00000000-0000-4000-8000-000000000328', '00000000-0000-4000-8000-000000000001', null, null, 'Rink', '2026-06-20T19:40:00Z', 'playoff', 'Playoff Game', 'tbd', null, 'tbd', null, 'scheduled', 0, 0),
  ('00000000-0000-4000-8000-000000000329', '00000000-0000-4000-8000-000000000001', null, null, 'Rink', '2026-06-20T20:20:00Z', 'playoff', 'Playoff Game', 'tbd', null, 'tbd', null, 'scheduled', 0, 0),
  ('00000000-0000-4000-8000-000000000330', '00000000-0000-4000-8000-000000000001', null, null, 'Rink', '2026-06-20T21:00:00Z', 'playoff', 'Playoff Game', 'tbd', null, 'tbd', null, 'scheduled', 0, 0),
  ('00000000-0000-4000-8000-000000000331', '00000000-0000-4000-8000-000000000001', null, null, 'Rink', '2026-06-20T21:40:00Z', 'playoff', 'Playoff Game', 'tbd', null, 'tbd', null, 'scheduled', 0, 0),
  ('00000000-0000-4000-8000-000000000332', '00000000-0000-4000-8000-000000000001', null, null, 'Rink', '2026-06-21T12:20:00Z', 'playoff', 'Playoff Game', 'tbd', null, 'tbd', null, 'scheduled', 0, 0),
  ('00000000-0000-4000-8000-000000000333', '00000000-0000-4000-8000-000000000001', null, null, 'Rink', '2026-06-21T13:00:00Z', 'playoff', 'Playoff Game', 'tbd', null, 'tbd', null, 'scheduled', 0, 0),
  ('00000000-0000-4000-8000-000000000334', '00000000-0000-4000-8000-000000000001', null, null, 'Rink', '2026-06-21T13:40:00Z', 'playoff', 'Playoff Game', 'tbd', null, 'tbd', null, 'scheduled', 0, 0),
  ('00000000-0000-4000-8000-000000000335', '00000000-0000-4000-8000-000000000001', null, null, 'Rink', '2026-06-21T14:20:00Z', 'playoff', 'Playoff Game', 'tbd', null, 'tbd', null, 'scheduled', 0, 0),
  ('00000000-0000-4000-8000-000000000336', '00000000-0000-4000-8000-000000000001', null, null, 'Rink', '2026-06-21T15:00:00Z', 'playoff', 'Semi Final', 'tbd', null, 'tbd', null, 'scheduled', 0, 0),
  ('00000000-0000-4000-8000-000000000337', '00000000-0000-4000-8000-000000000001', null, null, 'Rink', '2026-06-21T15:40:00Z', 'playoff', 'Semi Final', 'tbd', null, 'tbd', null, 'scheduled', 0, 0),
  ('00000000-0000-4000-8000-000000000338', '00000000-0000-4000-8000-000000000001', null, null, 'Rink', '2026-06-21T16:20:00Z', 'playoff', 'Bronze Medal Game', 'tbd', null, 'tbd', null, 'scheduled', 0, 0),
  ('00000000-0000-4000-8000-000000000339', '00000000-0000-4000-8000-000000000001', null, null, 'Rink', '2026-06-21T17:00:00Z', 'playoff', 'Gold Medal Game', 'tbd', null, 'tbd', null, 'scheduled', 0, 0);

insert into public.feed_posts (
  id, tournament_id, game_id, type, title, body, created_by, created_at
)
values
  ('00000000-0000-4000-8000-000000000401', '00000000-0000-4000-8000-000000000001', null, 'announcement', 'US Nationals schedule is live', 'Pool play is loaded for Friday and Saturday morning. Playoff slots will update as seeds are assigned.', 'Tournament desk', '2026-06-18T18:00:00Z'),
  ('00000000-0000-4000-8000-000000000402', '00000000-0000-4000-8000-000000000001', null, 'announcement', 'Playoff matchups are editable', 'Scorers can assign teams, group seeds, or winners from earlier playoff games from the admin page.', 'Tournament desk', '2026-06-18T18:05:00Z');

insert into public.scorer_codes (
  id, tournament_id, code_hash, display_name, role, active
)
values (
  '00000000-0000-4000-8000-000000000501',
  '00000000-0000-4000-8000-000000000001',
  '8d969eef6ecad3c29a3a629280e686cf0c3f5d5a86aff3ca12020c923adc6c92',
  'Demo scorer',
  'scorer',
  true
);
