delete from public.feed_posts
where tournament_id = '00000000-0000-4000-8000-000000000001';

delete from public.scorer_codes
where tournament_id = '00000000-0000-4000-8000-000000000001';

delete from public.games
where tournament_id = '00000000-0000-4000-8000-000000000001';

delete from public.players
where tournament_id = '00000000-0000-4000-8000-000000000001';

delete from public.teams
where tournament_id = '00000000-0000-4000-8000-000000000001';

delete from public.tournaments
where id = '00000000-0000-4000-8000-000000000001';

insert into public.tournaments (id, name, location, start_date, end_date, created_at)
values (
  '00000000-0000-4000-8000-000000000001',
  'Floorbs Cup',
  'Minneapolis, MN',
  '2026-06-13',
  '2026-06-14',
  '2026-05-31T12:00:00Z'
);

insert into public.teams (id, tournament_id, name, short_name, city, logo_url, pool)
values
  ('00000000-0000-4000-8000-000000000101', '00000000-0000-4000-8000-000000000001', 'Metro Blades', 'MB', 'Minneapolis', null, 'Pool A'),
  ('00000000-0000-4000-8000-000000000102', '00000000-0000-4000-8000-000000000001', 'North Shore', 'NS', 'Duluth', null, 'Pool A'),
  ('00000000-0000-4000-8000-000000000103', '00000000-0000-4000-8000-000000000001', 'River City', 'RC', 'St. Paul', null, 'Pool A'),
  ('00000000-0000-4000-8000-000000000104', '00000000-0000-4000-8000-000000000001', 'Capital Crew', 'CC', 'Madison', null, 'Pool A'),
  ('00000000-0000-4000-8000-000000000105', '00000000-0000-4000-8000-000000000001', 'Prairie Heat', 'PH', 'Omaha', null, 'Pool B'),
  ('00000000-0000-4000-8000-000000000106', '00000000-0000-4000-8000-000000000001', 'Harbor United', 'HU', 'Milwaukee', null, 'Pool B'),
  ('00000000-0000-4000-8000-000000000107', '00000000-0000-4000-8000-000000000001', 'Summit FC', 'SFC', 'Denver', null, 'Pool B'),
  ('00000000-0000-4000-8000-000000000108', '00000000-0000-4000-8000-000000000001', 'Valley Rush', 'VR', 'Des Moines', null, 'Pool B');

insert into public.players (id, tournament_id, team_id, name, jersey_number)
values
  ('00000000-0000-4000-8000-000000000200', '00000000-0000-4000-8000-000000000001', '00000000-0000-4000-8000-000000000101', 'MB Captain', 7),
  ('00000000-0000-4000-8000-000000000201', '00000000-0000-4000-8000-000000000001', '00000000-0000-4000-8000-000000000101', 'MB Playmaker', 11),
  ('00000000-0000-4000-8000-000000000202', '00000000-0000-4000-8000-000000000001', '00000000-0000-4000-8000-000000000101', 'MB Finisher', 19),
  ('00000000-0000-4000-8000-000000000203', '00000000-0000-4000-8000-000000000001', '00000000-0000-4000-8000-000000000102', 'NS Captain', 7),
  ('00000000-0000-4000-8000-000000000204', '00000000-0000-4000-8000-000000000001', '00000000-0000-4000-8000-000000000102', 'NS Playmaker', 11),
  ('00000000-0000-4000-8000-000000000205', '00000000-0000-4000-8000-000000000001', '00000000-0000-4000-8000-000000000102', 'NS Finisher', 19),
  ('00000000-0000-4000-8000-000000000206', '00000000-0000-4000-8000-000000000001', '00000000-0000-4000-8000-000000000103', 'RC Captain', 7),
  ('00000000-0000-4000-8000-000000000207', '00000000-0000-4000-8000-000000000001', '00000000-0000-4000-8000-000000000103', 'RC Playmaker', 11),
  ('00000000-0000-4000-8000-000000000208', '00000000-0000-4000-8000-000000000001', '00000000-0000-4000-8000-000000000103', 'RC Finisher', 19),
  ('00000000-0000-4000-8000-000000000209', '00000000-0000-4000-8000-000000000001', '00000000-0000-4000-8000-000000000104', 'CC Captain', 7),
  ('00000000-0000-4000-8000-000000000210', '00000000-0000-4000-8000-000000000001', '00000000-0000-4000-8000-000000000104', 'CC Playmaker', 11),
  ('00000000-0000-4000-8000-000000000211', '00000000-0000-4000-8000-000000000001', '00000000-0000-4000-8000-000000000104', 'CC Finisher', 19),
  ('00000000-0000-4000-8000-000000000212', '00000000-0000-4000-8000-000000000001', '00000000-0000-4000-8000-000000000105', 'PH Captain', 7),
  ('00000000-0000-4000-8000-000000000213', '00000000-0000-4000-8000-000000000001', '00000000-0000-4000-8000-000000000105', 'PH Playmaker', 11),
  ('00000000-0000-4000-8000-000000000214', '00000000-0000-4000-8000-000000000001', '00000000-0000-4000-8000-000000000105', 'PH Finisher', 19),
  ('00000000-0000-4000-8000-000000000215', '00000000-0000-4000-8000-000000000001', '00000000-0000-4000-8000-000000000106', 'HU Captain', 7),
  ('00000000-0000-4000-8000-000000000216', '00000000-0000-4000-8000-000000000001', '00000000-0000-4000-8000-000000000106', 'HU Playmaker', 11),
  ('00000000-0000-4000-8000-000000000217', '00000000-0000-4000-8000-000000000001', '00000000-0000-4000-8000-000000000106', 'HU Finisher', 19),
  ('00000000-0000-4000-8000-000000000218', '00000000-0000-4000-8000-000000000001', '00000000-0000-4000-8000-000000000107', 'SFC Captain', 7),
  ('00000000-0000-4000-8000-000000000219', '00000000-0000-4000-8000-000000000001', '00000000-0000-4000-8000-000000000107', 'SFC Playmaker', 11),
  ('00000000-0000-4000-8000-000000000220', '00000000-0000-4000-8000-000000000001', '00000000-0000-4000-8000-000000000107', 'SFC Finisher', 19),
  ('00000000-0000-4000-8000-000000000221', '00000000-0000-4000-8000-000000000001', '00000000-0000-4000-8000-000000000108', 'VR Captain', 7),
  ('00000000-0000-4000-8000-000000000222', '00000000-0000-4000-8000-000000000001', '00000000-0000-4000-8000-000000000108', 'VR Playmaker', 11),
  ('00000000-0000-4000-8000-000000000223', '00000000-0000-4000-8000-000000000001', '00000000-0000-4000-8000-000000000108', 'VR Finisher', 19);

insert into public.games (
  id, tournament_id, home_team_id, away_team_id, court, scheduled_start, status, home_score, away_score
)
values
  ('00000000-0000-4000-8000-000000000301', '00000000-0000-4000-8000-000000000001', '00000000-0000-4000-8000-000000000101', '00000000-0000-4000-8000-000000000102', 'Court 1', '2026-06-13T14:00:00Z', 'final', 4, 2),
  ('00000000-0000-4000-8000-000000000302', '00000000-0000-4000-8000-000000000001', '00000000-0000-4000-8000-000000000103', '00000000-0000-4000-8000-000000000104', 'Court 2', '2026-06-13T14:00:00Z', 'final', 3, 3),
  ('00000000-0000-4000-8000-000000000303', '00000000-0000-4000-8000-000000000001', '00000000-0000-4000-8000-000000000105', '00000000-0000-4000-8000-000000000106', 'Court 1', '2026-06-13T15:00:00Z', 'final', 5, 1),
  ('00000000-0000-4000-8000-000000000304', '00000000-0000-4000-8000-000000000001', '00000000-0000-4000-8000-000000000107', '00000000-0000-4000-8000-000000000108', 'Court 2', '2026-06-13T15:00:00Z', 'final', 2, 4),
  ('00000000-0000-4000-8000-000000000305', '00000000-0000-4000-8000-000000000001', '00000000-0000-4000-8000-000000000101', '00000000-0000-4000-8000-000000000103', 'Court 1', '2026-06-13T16:00:00Z', 'final', 6, 4),
  ('00000000-0000-4000-8000-000000000306', '00000000-0000-4000-8000-000000000001', '00000000-0000-4000-8000-000000000102', '00000000-0000-4000-8000-000000000104', 'Court 2', '2026-06-13T16:00:00Z', 'final', 3, 1),
  ('00000000-0000-4000-8000-000000000307', '00000000-0000-4000-8000-000000000001', '00000000-0000-4000-8000-000000000105', '00000000-0000-4000-8000-000000000107', 'Court 1', '2026-06-13T17:00:00Z', 'live', 2, 2),
  ('00000000-0000-4000-8000-000000000308', '00000000-0000-4000-8000-000000000001', '00000000-0000-4000-8000-000000000106', '00000000-0000-4000-8000-000000000108', 'Court 2', '2026-06-13T17:00:00Z', 'live', 1, 3),
  ('00000000-0000-4000-8000-000000000309', '00000000-0000-4000-8000-000000000001', '00000000-0000-4000-8000-000000000101', '00000000-0000-4000-8000-000000000104', 'Court 1', '2026-06-13T18:00:00Z', 'scheduled', 0, 0),
  ('00000000-0000-4000-8000-000000000310', '00000000-0000-4000-8000-000000000001', '00000000-0000-4000-8000-000000000102', '00000000-0000-4000-8000-000000000103', 'Court 2', '2026-06-13T18:00:00Z', 'scheduled', 0, 0),
  ('00000000-0000-4000-8000-000000000311', '00000000-0000-4000-8000-000000000001', '00000000-0000-4000-8000-000000000105', '00000000-0000-4000-8000-000000000108', 'Court 1', '2026-06-13T19:00:00Z', 'scheduled', 0, 0),
  ('00000000-0000-4000-8000-000000000312', '00000000-0000-4000-8000-000000000001', '00000000-0000-4000-8000-000000000106', '00000000-0000-4000-8000-000000000107', 'Court 2', '2026-06-13T19:00:00Z', 'scheduled', 0, 0);

insert into public.feed_posts (
  id, tournament_id, game_id, type, title, body, created_by, created_at
)
values
  ('00000000-0000-4000-8000-000000000401', '00000000-0000-4000-8000-000000000001', '00000000-0000-4000-8000-000000000308', 'score_update', 'Valley Rush opens a two-goal lead', 'Harbor United has time, but Valley Rush is controlling the neutral zone.', 'Demo desk', '2026-06-13T17:18:00Z'),
  ('00000000-0000-4000-8000-000000000402', '00000000-0000-4000-8000-000000000001', '00000000-0000-4000-8000-000000000306', 'final_score', 'Final: North Shore 3, Capital Crew 1', 'North Shore gets back on track with a clean defensive finish.', 'Demo desk', '2026-06-13T16:42:00Z'),
  ('00000000-0000-4000-8000-000000000403', '00000000-0000-4000-8000-000000000001', null, 'announcement', 'Next block starts at 1:00 PM', 'Warmups are open on both courts. Captains should check in five minutes before start time.', 'Tournament desk', '2026-06-13T16:30:00Z'),
  ('00000000-0000-4000-8000-000000000404', '00000000-0000-4000-8000-000000000001', null, 'smack', 'Court 1 is loud', 'Bring the noise for the next block.', 'Tournament desk', '2026-06-13T15:35:00Z');

insert into public.scorer_codes (
  id, tournament_id, code_hash, display_name, role, active
)
values (
  '00000000-0000-4000-8000-000000000501',
  '00000000-0000-4000-8000-000000000001',
  '8d969eef6ecad3c29a3a629280e686cf0c3f5d5a86aff3ca12020c923adc6c92',
  'Demo scorer',
  'scorer',
  true
);
